{
  "n_values": [
    4,
    6,
    8,
    10,
    12,
    14,
    16
  ],
  "rounds": {
    "0": {
      "variance_by_n": {
        "4": 4.452618327927603,
        "6": 3.477429944218439,
        "8": 23.8822831939895,
        "10": 24.81717563206644,
        "12": 37.630878352978414,
        "14": 27.401555461930972,
        "16": 41.33443780608735
      },
      "slope_full_range": 1.8423354621703165,
      "r2_full_range": 0.7940496764340417,
      "slope_high_n_12_16": 0.2653616574310824,
      "r2_high_n_12_16": 0.03144842324611741
    },
    "1": {
      "variance_by_n": {
        "4": 5.967681913721487,
        "6": 27.065785718240207,
        "8": 24.202259029941434,
        "10": 22.790726344003602,
        "12": 18.041519117325837,
        "14": 46.35049697849767,
        "16": 53.0667534890529
      },
      "slope_full_range": 1.1959073429198537,
      "r2_full_range": 0.6724054804516757,
      "slope_high_n_12_16": 3.8108299090746267,
      "r2_high_n_12_16": 0.8713398710610742
    },
    "2": {
      "variance_by_n": {
        "4": 4.926863936551147,
        "6": 29.65039664031296,
        "8": 12.04431909216041,
        "10": 26.459488512115772,
        "12": 17.321028942291633,
        "14": 42.59603301510797,
        "16": 64.90968214651593
      },
      "slope_full_range": 1.39481312877501,
      "r2_full_range": 0.6452308291404847,
      "slope_high_n_12_16": 4.623965906800863,
      "r2_high_n_12_16": 0.9730747367236513
    }
  }
}