{
  "thresholds_fixed_from_e1": {
    "beta_1": 7.0,
    "vol": 0.009366353954202069
  },
  "episodes": {
    "covid_2020": {
      "n_windows": 32,
      "n_positive": 7,
      "beta1": {
        "precision": 0.0,
        "recall": 0.0,
        "f1": 0.0,
        "auc": 0.008571428571428579
      },
      "vol": {
        "precision": 0.08333333333333333,
        "recall": 0.2857142857142857,
        "f1": 0.12903225806451613,
        "auc": 0.16571428571428573
      }
    },
    "rate_cycle_2022": {
      "n_windows": 47,
      "n_positive": 12,
      "beta1": {
        "precision": 0.3333333333333333,
        "recall": 0.08333333333333333,
        "f1": 0.13333333333333333,
        "auc": 0.5154761904761904
      },
      "vol": {
        "precision": 0.2926829268292683,
        "recall": 1.0,
        "f1": 0.4528301886792453,
        "auc": 0.5666666666666667
      }
    }
  }
}